[{"ProfileID":11, "FirstName":"Admin", "MiddleName":"Admin", "LastName":"Admin", "DoB":"2000-01-01", "Gender":1, "Address":"HN", "Mail":"adminNo1@gmail.com", "Phone":"0988888888", "Account":"admin1", "Password":"e10adc3949ba59abbe56e057f20f883e", "Role":0, "Image":"Default.jpg"},
 {"ProfileID":12, "FirstName":"Adam", "MiddleName":"Frishen", "LastName":"Doct1", "DoB":"1968-02-22", "Gender":1, "Address":"New York, USA", "Mail":"Adam-Doct-1967@gmail.com", "Phone":"0112980221", "Account":"doctor1", "Password":"e10adc3949ba59abbe56e057f20f883e", "Role":1, "Image":"doctor6.jpg"},
 {"ProfileID":13, "FirstName":"Luis", "MiddleName":"Manelam", "LastName":"Doct2", "DoB":"1972-08-12", "Gender":0, "Address":"New York, USA", "Mail":"helenluis_72@gmail.com", "Phone":"0112922488", "Account":"doctor2", "Password":"e10adc3949ba59abbe56e057f20f883e", "Role":1, "Image":"doctor4.jpg"},
 {"ProfileID":16, "FirstName":"Jame", "MiddleName":"", "LastName":"Doct3", "DoB":"1988-07-27", "Gender":1, "Address":"London, England", "Mail":"Jame228800@gmail.com", "Phone":"085100922", "Account":"doctor3", "Password":"e10adc3949ba59abbe56e057f20f883e", "Role":1, "Image":"doctor2.jpg"},
 {"ProfileID":17, "FirstName":"Nguy\u1ec5n", "MiddleName":"Tr\u1ecdng", "LastName":"Minh", "DoB":"1981-08-12", "Gender":1, "Address":"H\u00e0 N\u1ed9i, Vi\u1ec7t Nam", "Mail":"minhnguyen12@gmail.com", "Phone":"0928022399", "Account":"minhnguyen", "Password":"e10adc3949ba59abbe56e057f20f883e", "Role":1, "Image":"Default.jpg"},
 {"ProfileID":18, "FirstName":"Nguy\u1ec5n", "MiddleName":"Th\u1ecb", "LastName":"Nh\u01b0", "DoB":"1982-01-20", "Gender":0, "Address":"H\u00e0 N\u1ed9i, Vi\u1ec7t Nam", "Mail":"nhunt123456@gmail.com", "Phone":"0928092381", "Account":"nhunt1", "Password":"e10adc3949ba59abbe56e057f20f883e", "Role":1, "Image":"Default.jpg"},
 {"ProfileID":19, "FirstName":"Bishuer", "MiddleName":"Haiol", "LastName":"Victor", "DoB":"1991-10-21", "Gender":1, "Address":"Canberra , Australian", "Mail":"Victor_12_Bishuer@ccbc.com", "Phone":"0719090212", "Account":"doctor4", "Password":"e10adc3949ba59abbe56e057f20f883e", "Role":1, "Image":"doctor3.jpg"},
 {"ProfileID":20, "FirstName":"Ph\u1ea1m", "MiddleName":"Thu", "LastName":"H\u01b0\u01a1ng", "DoB":"1992-09-21", "Gender":0, "Address":"H\u00e0 N\u1ed9i, Vi\u1ec7t Nam", "Mail":"huongtppt2@gmail.com", "Phone":"0928022211", "Account":"huongpt1", "Password":"e10adc3949ba59abbe56e057f20f883e", "Role":1, "Image":"Default.jpg"},
 {"ProfileID":23, "FirstName":"V\u00f5", "MiddleName":"Ch\u00ed", "LastName":"C\u00f4ng", "DoB":"1982-08-12", "Gender":1, "Address":"H\u1ea3i Ph\u00f2ng, Vi\u1ec7t Nam", "Mail":"cong8291@gmail.com", "Phone":"0928013111", "Account":"staff1", "Password":"e10adc3949ba59abbe56e057f20f883e", "Role":2, "Image":"Default.jpg"},
 {"ProfileID":24, "FirstName":"Misuki", "MiddleName":"", "LastName":"Marato", "DoB":"1989-02-01", "Gender":1, "Address":"Tokyo , Japan", "Mail":"maratosan@gmail.com", "Phone":"0210334582", "Account":"staff2", "Password":"e10adc3949ba59abbe56e057f20f883e", "Role":2, "Image":"Default.jpg"},
 {"ProfileID":25, "FirstName":"V\u0169", "MiddleName":"Ng\u1ecdc", "LastName":"Anh", "DoB":"1994-09-12", "Gender":0, "Address":"C\u1ea7n Th\u01a1, Vi\u1ec7t Nam", "Mail":"ngocanh_cute@gmail.com", "Phone":"0924422211", "Account":"staff3", "Password":"e10adc3949ba59abbe56e057f20f883e", "Role":2, "Image":"Default.jpg"},
 {"ProfileID":26, "FirstName":"David", "MiddleName":"William", "LastName":"Pa1", "DoB":"1981-08-12", "Gender":1, "Address":"New York, USA", "Mail":"david2@gmail.com", "Phone":"085367022", "Account":"patient1", "Password":"e10adc3949ba59abbe56e057f20f883e", "Role":3, "Image":"Default.jpg"},
 {"ProfileID":27, "FirstName":"Elizabeth", "MiddleName":"Villio", "LastName":"Pa2", "DoB":"1991-10-21", "Gender":0, "Address":"London, England", "Mail":"MariaVillio@gmail.com", "Phone":"0928022211", "Account":"patient2", "Password":"e10adc3949ba59abbe56e057f20f883e", "Role":3, "Image":"Default.jpg"},
 {"ProfileID":28, "FirstName":"Phan", "MiddleName":"Nh\u01b0", "LastName":"Th\u1ea3o", "DoB":"2000-01-01", "Gender":0, "Address":"H\u1ea3i Ph\u00f2ng, Vi\u1ec7t Nam", "Mail":"thaothao21@gmail.com", "Phone":"0928013111", "Account":"patient3", "Password":"e10adc3949ba59abbe56e057f20f883e", "Role":3, "Image":"Default.jpg"},
 {"ProfileID":29, "FirstName":"Pham", "MiddleName":"Anh", "LastName":"Thu", "DoB":"2010-07-27", "Gender":0, "Address":"Ha Noi", "Mail":"benhnhan@gmail.com", "Phone":"0911288322", "Account":"benhnhan1", "Password":"900C3F2757C7271B02C1148E3717B19F", "Role":3, "Image":"Bindi-sunbathing.jpg"},
 {"ProfileID":30, "FirstName":"Nguyen", "MiddleName":"Benh", "LastName":"Nhan", "DoB":"2010-01-01", "Gender":0, "Address":"HN", "Mail":"benhnhan2@gmail.com", "Phone":"0911823982", "Account":"benhnhan2", "Password":"AB81236CAC4101CBD9F274AA53D4C15F", "Role":3, "Image":"Default.jpg"}]